metric,value
completion_time_mean,8.470233463035019
completion_time_p95,20.0
energy_mean,2.6574665996675613
miss_rate,0.8707373503671663
fairness,0.8601894268681403
throughput_tasks,5140
